model,accuracy,demographic_parity_difference
epochs = 5
VQC,0.637398362159729,0.20914769172668457
QNN,0.6463414430618286,0.21562793850898743
CCQC,0.6487804651260376,0.17051731050014496

epochs = 20
VQC,0.6658536791801453,0.21732580661773682
QNN,0.6796748042106628,0.24752148985862732
CCQC,0.6544715166091919,0.2101849615573883

epochs = 30
VQC,0.6617886424064636,0.2208743393421173
QNN,0.6634146571159363,0.22465771436691284
CCQC,0.6747967600822449,0.22176969051361084

epochs = 40
VQC,0.6658536791801453,0.21974974870681763
QNN,0.657723605632782,0.2220863401889801
CCQC,0.6715447306632996,0.24042430520057678

epochs = 50
VQC,0.6699187159538269,0.2138209044933319
QNN,0.6650406718254089,0.218963623046875
CCQC,0.639837384223938,0.22080886363983154

VQC_angle,0.6731707453727722,0.21305659413337708
VQC_entangled_3_layer,0.6666666865348816,0.20906031131744385
VQC_entangled_5_layer,0.6674796938896179,0.22017556428909302
VQC_iqp,0.6536585092544556,0.20255827903747559
VQC_dense_angle,0.6585366129875183,0.23213699460029602

VQC_angle,0.6585366129875183,0.6739130616188049,0.6477900743484497,0.19384509325027466,0.16462522745132446,1.5980830192565918
VQC_entangled_3_layer,0.6504064798355103,0.6778656244277954,0.6312154531478882,0.20655447244644165,0.16968446969985962,1.757366418838501
VQC_entangled_5_layer,0.6626016497612,0.6719367504119873,0.6560773253440857,0.1994355022907257,0.19178536534309387,1.7056949138641357
VQC_iqp,0.6560975313186646,0.6798418760299683,0.639502763748169,0.22544384002685547,0.18480893969535828,1.7359650135040283
VQC_dense_angle,0.6715447306632996,0.6818181872367859,0.6643646359443665,0.2231290638446808,0.2134070098400116,1.818139910697937

VQC_angle,0.6666666865348816,0.6916996240615845,0.6491712927818298,0.21700915694236755,0.1797097623348236,1.7899757623672485
VQC_entangled_3_layer,0.6617886424064636,0.6857707500457764,0.6450276374816895,0.20846524834632874,0.16462522745132446,1.6676164865493774
VQC_entangled_5_layer,0.660162627696991,0.6719367504119873,0.6519337296485901,0.23706680536270142,0.21501797437667847,1.7450671195983887
VQC_iqp,0.6674796938896179,0.6996047496795654,0.6450276374816895,0.19786322116851807,0.14601248502731323,1.7100623846054077
VQC_dense_angle,0.6626016497612,0.6758893132209778,0.6533148884773254,0.23415696620941162,0.21706828474998474,1.8171271085739136
QNN,0.6658536791801453,0.6758893132209778,0.658839762210846,0.23177668452262878,0.21802687644958496,1.7871073484420776
CCQC,0.6739837527275085,0.6916996240615845,0.6616021990776062,0.2582108676433563,0.22582876682281494,1.8652628660202026
CCQC,0.6682927012443542,0.6758893132209778,0.6629834175109863,0.2276330292224884,0.21802687644958496,1.7730356454849243
